timestamp_utc,non_test_loc,total_tests,doc_loc,commit,commit_msg_len,commit_msg_len_avg
2025-03-05T08:39:45.000Z,138,0,23,cbf76cb34ebe,35,35
2025-03-05T09:54:57.000Z,577,0,23,79bc7c7057bb,24,29.5
2025-03-05T14:02:51.000Z,908,4,23,c4530a476ddb,93,50.666666666666664
2025-03-05T14:48:08.000Z,908,4,23,09f2e132bf27,20,43
2025-03-05T15:23:50.000Z,904,11,23,0ea6761b1a73,95,53.4
2025-03-05T21:15:23.000Z,904,48,23,1caaad59b985,40,51.166666666666664
2025-03-06T09:26:55.000Z,1241,48,23,adcbce0a4c7a,56,51.857142857142854
2025-03-06T14:13:49.000Z,1405,54,28,d731333f7fd1,137,62.5
2025-03-06T14:40:14.000Z,1389,62,28,ef6c64d07bf2,81,64.55555555555556
2025-03-06T15:49:24.000Z,1402,68,28,07ed9826c602,48,62.9
2025-03-07T08:41:03.000Z,1436,72,28,6315b7867866,98,66.0909090909091
2025-03-07T13:45:16.000Z,1442,78,28,30730318640f,152,73.25
2025-03-07T13:54:59.000Z,1438,78,28,94b0405092d7,23,69.38461538461539
2025-03-07T15:27:26.000Z,1501,87,28,1aa692108138,50,68
2025-03-07T15:53:50.000Z,1372,81,28,3ba971f30124,28,65.33333333333333
2025-03-07T16:11:23.000Z,1372,83,28,02cadb9bc9ea,24,62.75
2025-03-07T16:16:55.000Z,1372,83,28,eb8ba410be08,27,60.64705882352941
2025-03-09T12:03:24.000Z,1373,84,28,12eebadbfcb2,55,60.333333333333336
2025-03-09T12:06:39.000Z,1375,84,28,bf135452612e,271,71.42105263157895
2025-03-10T11:09:28.000Z,1406,82,28,20770c071630,82,71.95
2025-03-10T12:28:11.000Z,1406,82,71,a66b278ff183,176,76.9047619047619
2025-03-10T14:08:36.000Z,1444,88,72,0e8a15c03120,29,74.72727272727273
2025-03-10T14:55:39.000Z,1444,88,72,f7a96eb5041d,27,72.65217391304348
2025-03-10T15:39:54.000Z,1444,88,72,c14f1ed7d38d,46,71.54166666666667
2025-03-10T15:42:53.000Z,1443,88,72,daac50b4b3a5,31,69.92
2025-03-11T08:59:53.000Z,1595,111,128,08206f3ea5f5,502,86.53846153846153
2025-03-11T09:47:27.000Z,1795,118,231,64f17d486398,517,102.48148148148148
2025-03-11T09:56:19.000Z,1793,118,231,d4b6aeff830b,140,103.82142857142857
2025-03-11T10:07:10.000Z,1795,118,231,85a1eab9fea0,378,113.27586206896552
2025-03-11T10:12:36.000Z,1824,118,231,8f7a73a0a63f,105,113
2025-03-11T10:27:54.000Z,1824,118,283,e4b872ca4e6c,285,118.54838709677419
2025-03-11T10:44:15.000Z,1849,126,284,1db4760a07e0,654,135.28125
2025-03-11T10:57:15.000Z,1849,126,267,cb3e2fb439dc,432,144.27272727272728
2025-03-11T11:09:37.000Z,1849,126,318,3ef70d17d27e,452,153.3235294117647
2025-03-11T14:55:02.000Z,1849,126,318,7f44b2c98c2a,381,159.82857142857142
2025-03-12T14:24:37.000Z,1849,126,406,5e789f93892f,485,168.86111111111111
2025-03-12T14:26:58.000Z,1849,126,366,4c4a2fe30524,168,168.83783783783784
2025-03-13T10:20:12.000Z,1840,126,366,49d13717f4fd,374,174.23684210526315
2025-03-13T10:33:01.000Z,1859,126,366,4a49c627f7ce,359,178.97435897435898
2025-03-13T10:41:51.000Z,1859,126,366,d7770e950773,251,180.775
2025-03-13T11:02:36.000Z,1919,127,366,13cdfbacf538,572,190.3170731707317
2025-03-13T11:10:08.000Z,1925,128,366,ba802f6d17aa,500,197.6904761904762
2025-03-13T11:19:44.000Z,1925,128,366,77df520b38e2,247,198.8372093023256
2025-03-13T11:27:40.000Z,1926,128,366,101a29289455,491,205.47727272727272
2025-03-13T11:47:45.000Z,1967,128,366,4d8f5bda0f5e,403,209.86666666666667
2025-03-13T11:53:56.000Z,1967,128,366,dd4478cd2c7a,68,206.7826086956522
2025-03-13T12:15:09.000Z,1967,128,419,920af2b61d2b,438,211.70212765957447
2025-03-13T15:41:18.000Z,1967,128,468,b515e94bdf05,325,214.0625
2025-03-14T08:35:35.000Z,2162,152,468,2be23a52a34f,298,215.77551020408163
2025-03-14T08:44:30.000Z,2237,152,468,9daa1d03024d,437,220.2
2025-03-14T08:51:57.000Z,2250,152,468,0b73218725fe,353,226.56
2025-03-14T09:01:50.000Z,2250,152,468,d13a068fcb88,382,233.72
2025-03-14T09:04:44.000Z,2250,152,468,16c86df03503,393,239.72
2025-03-14T09:08:12.000Z,2300,152,468,58a3bee0eab8,380,246.92
2025-03-14T09:17:03.000Z,2300,152,445,14808fe8db47,477,254.56
2025-03-14T09:22:13.000Z,2300,152,445,5e31d853d03c,424,262.24
2025-03-14T09:36:03.000Z,2298,152,445,315d9c9ab6a2,271,266.54
2025-03-14T09:43:57.000Z,2298,152,445,b49313b5a1a5,242,268.64
2025-03-14T09:47:15.000Z,2298,152,445,8d35173cf55b,260,272.22
2025-03-14T09:49:24.000Z,2298,152,445,ad51b8d47ffe,247,276.2
2025-03-14T09:57:41.000Z,2298,152,445,37b5672f4f68,1096,296.16
2025-03-14T10:13:42.000Z,2298,152,538,9862505dde2c,345,300.02
2025-03-14T10:19:18.000Z,2298,152,445,a54dbb0cd64c,30,300.16
2025-03-14T10:23:30.000Z,2298,152,445,dd880684c0d1,597,311.1
2025-03-14T10:23:51.000Z,2298,152,445,772226659150,498,320.5
2025-03-14T10:24:08.000Z,2298,152,445,9fc8ba20744d,528,330.58
2025-03-14T10:27:41.000Z,2298,152,445,5eb698db0a50,501,340.06
2025-03-14T11:47:29.000Z,2347,157,538,069d1abc82ee,575,350.46
2025-03-14T12:42:13.000Z,2359,163,538,d4db9b9bc68c,791,360.86
2025-03-14T13:35:32.000Z,2358,163,538,a01f437d1c62,320,365.62
2025-03-14T13:41:23.000Z,2370,163,538,7dda8d568db3,378,369.66
2025-03-14T13:56:10.000Z,2371,163,538,20bce86a375a,385,376.78
2025-03-14T14:01:27.000Z,2371,163,538,aef6fb9e6a36,54,377.32
2025-03-14T14:05:12.000Z,2371,163,538,1aec74a63974,48,377.36
2025-03-14T14:16:09.000Z,2370,163,538,d4b884863138,95,378.64
2025-03-14T15:14:21.000Z,2370,163,538,4b9f4e1b00df,96,370.52
2025-03-14T15:25:05.000Z,2370,163,545,4973d9ff1e0b,70,361.58
2025-03-14T15:34:14.000Z,2370,163,521,50ac1a504ea4,438,367.54
2025-03-14T15:36:40.000Z,2370,163,533,4e955261525d,353,367.04
2025-03-14T15:47:33.000Z,2370,163,662,787d7d5fed3f,243,369.8
2025-03-17T08:59:48.000Z,2370,163,684,fa6a361cf374,149,367.08
2025-03-17T10:10:01.000Z,2370,163,690,0e81a46c1e12,315,360.3
2025-03-17T11:05:06.000Z,2370,163,690,d0fdb3601bb6,488,361.42
2025-03-17T19:16:47.000Z,2370,163,713,a3d7c3336d83,258,357.54
2025-03-21T10:41:32.000Z,2370,163,752,4281cf151773,153,352.98
2025-03-21T11:15:41.000Z,2370,163,800,c18189669e7c,412,351.52
2025-03-21T11:36:16.000Z,2314,167,800,03e47c9150c1,480,357.76
2025-03-21T11:49:08.000Z,2314,168,800,df35dae1a97b,443,359.14
2025-03-21T12:06:22.000Z,2341,169,800,2b4cd157b166,584,363.64
2025-03-21T12:08:05.000Z,2341,169,825,87ad42d1e330,79,360.2
2025-03-21T12:14:58.000Z,2341,169,892,cdd44c00a39e,523,359.22
2025-03-21T12:33:22.000Z,2341,169,892,7a658ce89927,97,351.16
2025-03-21T13:17:04.000Z,2343,169,920,db781101f723,495,356.12
2025-03-21T13:19:06.000Z,2343,169,920,fc060add934f,81,347.92
2025-03-21T13:44:20.000Z,2362,177,920,c126f51239f4,447,348.8
2025-03-21T13:55:31.000Z,2362,174,958,4af48ea65859,385,355.14
2025-03-21T14:08:32.000Z,2356,173,994,1d000c1ef5b4,396,354.3
2025-03-21T14:33:27.000Z,2356,174,999,98cfbd848021,499,357.78
2025-03-21T15:52:50.000Z,2414,180,999,f6c57edb571d,398,359.78
2025-03-21T16:01:19.000Z,2414,180,999,a976be133b7a,197,354.98
2025-03-21T18:23:10.000Z,2356,174,999,f33ce8764324,569,359.3
2025-03-24T08:33:31.000Z,2524,187,1037,cd04ae4195c8,682,365.3
2025-03-24T08:51:24.000Z,2524,187,1088,5f5863872d6d,533,368.1
2025-03-24T09:10:03.000Z,2694,202,1060,0069bee17ad6,611,372.72
2025-03-24T09:12:11.000Z,2695,202,1060,25e0357370db,80,364.78
2025-03-24T09:17:06.000Z,2692,202,1060,4220399bea32,301,362.32
2025-03-24T09:48:03.000Z,2692,202,1060,4f6ae7b5dc0d,389,364.68
2025-03-24T09:51:51.000Z,2692,202,1083,b150847e925e,150,362.84
2025-03-24T10:55:31.000Z,2692,202,1089,d3f1812f77ab,473,367.1
2025-03-24T11:21:26.000Z,2758,202,1089,064e1c75b8a3,407,370.3
2025-03-24T11:24:49.000Z,2770,202,1089,d7df23ba44d0,345,355.28
2025-03-24T11:31:30.000Z,2770,202,1140,e48cec69fd57,523,358.84
2025-03-24T11:47:02.000Z,2770,202,1089,88922cfc4c83,528,368.8
2025-03-24T11:47:39.000Z,2770,202,1089,11d1b822cd54,529,367.44
2025-03-24T11:47:45.000Z,2770,202,1089,5d35c643be3b,535,368.18
2025-03-24T11:47:58.000Z,2770,202,1089,93294b6f6f97,501,367.64
2025-03-24T11:48:31.000Z,2770,202,1089,5f8c0db0fa31,597,369.56
2025-03-24T12:31:41.000Z,2770,208,1171,01dd3796a746,608,370.22
2025-03-24T12:45:23.000Z,2774,210,1204,067dc6c1014a,524,364.88
2025-03-24T12:50:28.000Z,2774,210,1206,a17c435f17ec,254,363.56
2025-03-24T12:50:32.000Z,2774,210,1234,002659769c40,297,361.94
2025-03-24T14:39:45.000Z,2774,210,1234,c99da662692f,86,355.96
2025-03-24T15:22:55.000Z,2774,210,1234,e6c00ae2f218,483,364.54
2025-03-24T16:08:03.000Z,2774,210,1234,a0f498f5abfb,284,369.26
2025-03-25T08:50:10.000Z,2798,210,1260,d842144b4851,92,369.2
2025-03-25T09:25:45.000Z,2802,222,1288,85ec4a154141,426,375.8
2025-03-25T09:38:58.000Z,2802,222,1325,1ddd328b45d1,502,384.44
2025-03-25T09:47:00.000Z,2817,225,1358,955624475d2a,445,384.58
2025-03-25T10:06:56.000Z,2821,227,1451,f5ecc65623be,751,392.54
2025-03-25T10:25:19.000Z,2884,219,1509,300d0fe6132a,637,400.42
2025-03-25T10:29:19.000Z,2884,219,1553,28dfdfd4da32,94,399.32
2025-03-25T10:31:49.000Z,2884,219,1567,dac797b422e4,462,402.26
2025-03-25T11:39:30.000Z,2893,221,1607,c9ec1314bd3b,636,405.22
2025-03-28T08:24:05.000Z,2897,222,1635,34b00afb6477,468,409.42
2025-03-28T08:29:28.000Z,2940,225,1674,12390fa9f4bb,636,419.08
2025-03-28T10:54:20.000Z,2998,228,1970,993ab0fb16e8,583,422.5
2025-03-28T12:03:16.000Z,3130,232,2248,fde234ec6f2d,713,427.16
2025-03-28T12:06:14.000Z,3130,232,2251,0b365e7d8243,292,424.14
2025-03-28T12:13:09.000Z,3129,232,2251,64ccfaed4fef,97,414.4
2025-03-28T12:23:05.000Z,3128,221,2251,163454efa007,310,419.02
2025-03-28T12:25:14.000Z,3128,221,2279,268129bf5b20,173,412.02
2025-03-28T12:39:02.000Z,3128,221,2298,141414b4a239,325,416.58
2025-03-28T12:42:40.000Z,3128,221,2307,4f2d75686104,361,413.9
2025-03-28T14:45:37.000Z,3128,221,2401,f356842e92b9,511,422.5
2025-03-28T14:50:05.000Z,3128,221,2453,2258fabfc5b0,589,425.34
2025-03-28T15:02:04.000Z,3128,221,2479,2ae1d3da0682,519,428.02
2025-03-28T15:11:42.000Z,3128,222,2508,d9890a427b6a,648,433.06
2025-03-28T16:01:49.000Z,3128,222,2565,3f2382a8299a,523,433.54
2025-03-28T18:39:23.000Z,3128,223,2565,f373b961184d,377,433.12
2025-03-28T20:18:06.000Z,3128,223,2565,5f61a7dd3feb,83,430.84
2025-03-28T20:38:19.000Z,3128,223,2602,6cc0bb1e521b,413,427.72
2025-03-28T20:52:46.000Z,3128,223,2431,26f8a6d6f2a2,715,428.38
2025-03-29T20:18:14.000Z,3130,224,2481,21481f305046,521,428.14
2025-03-30T19:57:47.000Z,3194,225,2342,8c22fefa9c23,589,427.7
2025-03-30T20:07:45.000Z,3194,226,2296,5167efb54eea,384,433.78
2025-03-30T20:13:28.000Z,3256,227,2337,5d3ade088b8b,457,436.9
2025-03-30T20:17:23.000Z,3256,227,2337,681481296bf5,207,433.26
2025-03-30T20:19:04.000Z,3256,227,2337,9387b7d9a3e2,263,435.52
2025-03-31T08:50:27.000Z,3256,227,2614,83e516f1cac8,1475,455.56
2025-03-31T11:48:24.000Z,3256,227,2614,ddb7bc5a832e,528,457.98
2025-03-31T11:48:41.000Z,3256,227,2614,116e2c64bc14,551,462.1
2025-03-31T11:48:55.000Z,3256,227,2614,fc772025edbf,597,463.58
2025-03-31T13:55:47.000Z,3256,227,2614,1fe3a70e8b02,498,462.98
2025-04-02T08:31:46.000Z,3256,227,2690,9458df33822d,622,464.84
2025-04-02T09:31:03.000Z,3532,276,2733,526b2ce2da6f,502,464.18
2025-04-02T09:49:15.000Z,3546,280,2733,4cf2cb416056,419,462.54
2025-04-02T09:55:09.000Z,3573,281,2770,6c5d2119e621,398,458.56
2025-04-02T10:17:26.000Z,3573,281,2811,7d4c16002bb4,540,457.2
2025-04-02T10:25:10.000Z,3573,281,2862,089bb26183b6,462,455.96
2025-04-02T10:38:05.000Z,3573,281,2914,5acf949def15,185,454.58
2025-04-02T10:52:21.000Z,3600,281,2914,6d165317ef1e,406,456.76
2025-04-02T10:53:09.000Z,3600,281,2914,9187ffafbca8,70,456.44
2025-04-02T10:59:34.000Z,3600,281,2911,17f5a595f871,358,453.94
2025-04-02T11:06:42.000Z,3600,281,2815,943207eb47cf,210,452.46
2025-04-02T11:18:39.000Z,3600,281,2864,0e4ab33aacd7,540,461.42
2025-04-02T11:44:30.000Z,3622,281,2864,563df3697634,479,462.48
2025-04-02T11:54:53.000Z,3618,281,2763,6a6f251863f3,609,464.62
2025-04-02T11:58:26.000Z,3618,281,2789,a35733cb8d30,657,468.86
2025-04-02T12:24:14.000Z,3618,286,2832,e93a48715692,860,471.04
2025-04-02T12:58:58.000Z,3618,286,2832,b74445d3efa6,129,460.88
2025-04-02T13:13:48.000Z,3618,286,2945,27e5d1348609,370,466.4
2025-04-02T13:16:26.000Z,3618,286,2945,6397379c567c,470,466.56
2025-04-02T14:22:08.000Z,3618,286,3049,90ecbb3ba708,426,462.36
2025-04-02T14:31:32.000Z,3709,291,3110,ba24c029d45a,888,470.76
2025-04-02T14:36:52.000Z,3709,291,3121,a70ef014e5d6,566,469.36
2025-04-02T14:43:30.000Z,3709,291,3435,12009a04768f,846,474.62
2025-04-02T14:45:48.000Z,3709,291,3392,9823ef3dc767,461,469.58
2025-04-02T14:53:34.000Z,3709,291,3446,e7a98feeb57d,413,472
2025-04-02T15:02:13.000Z,3709,291,3467,c3c0caf65709,435,478.76
2025-04-02T15:04:14.000Z,3709,291,3467,de06d070d4f9,87,474.3
2025-04-02T15:07:13.000Z,3709,291,3496,cfd8bfd3d0be,363,478.1
2025-04-02T15:11:27.000Z,3709,293,3534,3f7f5e9dc00f,608,483.76
2025-04-02T15:12:21.000Z,3709,293,3466,fc1c377feb3f,514,486.82
2025-04-02T15:15:27.000Z,3709,293,3495,db215c107598,303,482.66
2025-04-02T15:25:29.000Z,3709,300,3622,e0e34bfc86e8,758,486.04
2025-04-02T15:26:27.000Z,3709,300,3623,925923a0fb0f,128,478.22
2025-04-02T15:27:36.000Z,3709,300,3623,a8117926a93b,86,466.98
2025-04-02T18:10:50.000Z,3711,305,3730,99b45d5b0652,600,468.52
2025-04-02T18:13:25.000Z,3711,305,3751,221fc729ead0,116,463.3
2025-04-02T18:14:31.000Z,3711,305,3758,a7f19dee232a,145,464.54
2025-04-03T08:41:43.000Z,3711,305,3825,38afa2d777c1,424,464.76
2025-04-03T12:50:50.000Z,3711,311,3967,514e2b588cd2,526,460.98
2025-04-03T12:59:05.000Z,3711,311,3967,16c3c5831c53,86,452.28
2025-04-03T14:39:20.000Z,3711,311,3967,d8854a3d5a50,512,450.74
2025-04-03T14:45:15.000Z,3711,311,3967,93313035d752,69,444.44
2025-04-03T14:50:30.000Z,3711,311,3967,77def9600cdf,77,436.84
2025-04-03T15:00:13.000Z,3711,311,3967,df5b2e5ff9ac,1201,456.72
2025-04-03T15:07:18.000Z,3711,311,4013,861a2d5e9ffa,408,459.62
2025-04-03T15:08:11.000Z,3711,311,3945,e2f539f93991,130,432.72
2025-04-04T09:02:39.000Z,3711,311,3989,8bffec443a0e,640,434.96
2025-04-04T09:13:24.000Z,3711,311,4023,2600bc409f1c,210,428.14
2025-04-04T10:37:04.000Z,3711,311,4056,a96cd1edbce8,191,420.02
2025-04-04T10:39:45.000Z,3711,311,4102,db3f8e538b2a,189,413.84
2025-04-04T10:53:47.000Z,3711,311,4164,d8f3d649afbc,211,405.62
2025-04-04T11:02:09.000Z,3711,311,4228,424c763edd76,205,399.68
2025-04-04T11:06:19.000Z,3711,311,4263,577de6176d97,182,394.94
2025-04-04T11:11:02.000Z,3711,311,4263,c20b5b7b8e63,746,401.9
2025-04-04T11:12:36.000Z,3711,311,4329,00700497cdc4,241,395.92
2025-04-04T11:18:13.000Z,3711,311,4423,ca828b2c29f7,659,399.86
2025-04-04T11:26:03.000Z,3711,311,4492,2d011d8562c3,189,399.94
2025-04-04T11:28:13.000Z,3711,311,4534,99d53b9fd496,432,400.46
2025-04-04T11:30:54.000Z,3711,311,4563,59fee7cc4f79,317,405.4
2025-04-04T11:32:35.000Z,3711,311,4665,dcbd1549aab8,285,403.94
2025-04-04T11:37:13.000Z,3711,311,4663,a16e58da202b,567,411.08
2025-04-04T14:12:36.000Z,3711,311,4701,55eb07eba6fe,628,412.84
2025-04-04T14:22:40.000Z,3711,311,4787,d15a953795ec,565,414.56
2025-04-04T14:37:50.000Z,3711,311,4836,1d1e7dcff839,663,415.64
2025-04-04T14:42:08.000Z,3711,311,5077,25baefc40282,442,411.34
2025-04-04T14:50:02.000Z,3711,311,5450,52b43c321ea8,511,404.36
2025-04-04T14:52:36.000Z,3711,311,5795,a40ee10d5210,452,410.82
2025-04-04T14:55:56.000Z,3711,311,6361,4aaa2f6de91a,383,411.08
2025-04-04T20:55:20.000Z,3711,311,6361,c17a7a82645c,65,402.98
2025-04-04T20:58:45.000Z,3711,311,7265,32972b0a2ce0,747,409.4
2025-04-04T21:07:03.000Z,3711,311,7377,0eb659d2760e,582,403.28
2025-04-07T09:08:41.000Z,3711,311,7385,13627bce5754,277,397.5
2025-04-07T09:14:46.000Z,3711,311,7450,81833b6cfe5a,230,385.18
2025-04-07T10:57:05.000Z,3711,311,7502,05caf05f2820,444,384.84
2025-04-07T11:33:58.000Z,3711,311,7538,8f38aa901b63,585,388.28
2025-04-07T12:10:14.000Z,3711,311,7663,80343a5b48fc,501,389.6
2025-04-07T12:11:40.000Z,3711,311,4663,7a6548130822,676,401.38
2025-04-07T12:15:17.000Z,3711,311,7837,2455aa4ddd84,304,400.2
2025-04-07T12:16:09.000Z,3711,311,4663,770c5c476c92,556,399.16
2025-04-07T12:18:09.000Z,3711,311,7844,70074f20e529,272,394.32
2025-04-07T12:20:41.000Z,3711,311,7892,82d59acd3a27,299,394.24
2025-04-07T12:25:34.000Z,3711,311,7805,1e817ce0783b,364,386.36
2025-04-07T12:31:46.000Z,3711,311,7847,c61459ca0c20,420,392.2
2025-04-07T12:56:37.000Z,3711,311,7812,c5136eb2e1ca,451,399.5
2025-04-07T13:20:47.000Z,3711,311,7812,4d7ed0203021,574,398.98
2025-04-07T13:24:05.000Z,3711,311,7812,6fa2ff0c5000,556,407.78
2025-04-07T13:27:40.000Z,3711,311,7812,accf30a29a6a,556,416
2025-04-07T15:34:46.000Z,3825,318,8046,f15f6f087926,688,421.28
2025-04-07T15:44:13.000Z,3825,318,8082,9c1a200910a3,368,418.12
2025-04-07T19:24:15.000Z,3832,318,8082,3433a3b3a10c,265,421.7
2025-04-07T20:02:10.000Z,3830,319,8082,abdf83257539,353,418.52
2025-04-07T20:07:54.000Z,3830,319,7947,ba6b5da89174,357,424.28
2025-04-07T20:12:34.000Z,3830,319,7990,7ebb5a3a2d1c,392,430.58
2025-04-08T11:14:07.000Z,3925,319,8110,9673ed0bf7c2,484,416.24
2025-04-08T11:57:09.000Z,4295,319,8579,307c71dec3e0,698,422.04
2025-04-08T12:17:40.000Z,4302,325,8655,d9ec8c9d8191,478,429
2025-04-08T12:20:29.000Z,4302,325,8663,1990cd9c1295,94,418.08
2025-04-08T14:02:59.000Z,4085,328,8715,1874432619e4,476,423.4
2025-04-08T14:13:49.000Z,4085,328,8715,9456c944a525,78,421.14
2025-04-08T15:16:13.000Z,4156,331,8715,2a4c6007eeb7,457,426.5
2025-04-08T15:31:11.000Z,4163,333,8767,2ac805e43ceb,737,437.02
2025-04-08T15:31:57.000Z,4163,333,8800,278b5d52b877,454,442
2025-04-08T15:33:40.000Z,4163,333,8800,5f353612ff16,131,440.98
2025-04-08T15:46:56.000Z,4112,330,8849,2009e297ce62,493,435.92
2025-04-08T15:57:20.000Z,4125,330,8905,12e3e1646a35,405,439.2
2025-04-08T16:03:11.000Z,4125,330,8905,b363c31deee2,94,427.9
2025-04-08T19:54:18.000Z,4095,330,8905,8b3cfbcbcc0b,358,431.28
2025-04-08T20:19:12.000Z,4114,330,8964,e960f8e5feb7,511,432.86
2025-04-08T20:21:26.000Z,4114,330,8986,d68b3d7d253f,125,429.02
2025-04-08T20:27:45.000Z,4116,331,9017,952e896f7897,489,433.1
2025-04-08T20:34:17.000Z,4117,332,9074,8a402dc0c2e0,122,424.2
2025-04-08T23:48:41.000Z,4164,338,9151,25f3411606f9,722,426.08
2025-04-09T08:43:14.000Z,4164,338,9172,c6d3e000f233,412,423.02
2025-04-09T08:52:51.000Z,4187,339,9217,686e7663f9a4,650,422.76
2025-04-09T10:18:18.000Z,4187,340,9217,0c407d604716,114,416.2
2025-04-09T10:20:59.000Z,4187,340,9217,38136b4e20f5,71,407.4
2025-04-09T10:54:01.000Z,4187,340,9277,57d2841eb1cc,643,411.22
2025-04-09T14:27:40.000Z,4187,340,9318,271c9b562167,120,405.96
2025-04-09T15:15:36.000Z,4187,341,9348,0c95bcb31d8a,504,414.74
2025-04-09T16:22:46.000Z,4255,344,9355,3305b1a420d4,421,408.22
2025-04-09T16:28:14.000Z,4255,344,9355,075fd0956c56,92,398.42
2025-04-09T17:01:37.000Z,4255,344,9357,8cbcdf77a4e8,119,395.26
2025-04-10T09:01:17.000Z,4257,350,9470,d2136a9d46ae,539,401.44
2025-04-10T09:14:06.000Z,4257,350,9520,5d863a3f6b37,437,401.3
2025-04-10T09:19:54.000Z,4259,350,9520,5faa536c290a,92,391.44
2025-04-10T09:35:06.000Z,4259,350,9560,bbf71972cec3,113,383.68
2025-04-10T09:39:14.000Z,4282,354,9567,34b2181c022f,549,381.14
2025-04-10T12:42:50.000Z,4357,357,9581,a08c0b560935,620,387.46
2025-04-10T13:14:19.000Z,4357,357,9616,5871e178e3e1,412,384.58
2025-04-10T15:36:15.000Z,4416,372,9616,5e0ef1d75997,587,390.88
2025-04-10T15:50:58.000Z,4416,372,9726,1068dca466c0,75,386.4
2025-04-10T15:54:51.000Z,4416,372,9726,23ac00e78410,109,381.3
2025-04-11T20:09:42.000Z,4821,382,9731,d4af4c2aba90,851,389.92
2025-04-11T20:13:39.000Z,4416,372,9731,fd2dda5410a9,308,387.06
2025-04-11T20:20:41.000Z,4416,372,9885,59617fcf821c,417,383.92
2025-04-14T11:20:45.000Z,4416,372,9731,eeeb2c71cdad,571,384.22
2025-04-14T11:20:57.000Z,4416,372,9731,ea95b4501cde,603,385.16
2025-04-14T11:21:33.000Z,4416,372,9731,4718b6594a85,540,382.2
2025-04-14T11:23:31.000Z,4416,372,9731,239d221f6ed7,643,387.7
2025-04-19T18:25:50.000Z,4416,372,9731,dce0a25ba0a5,571,393.82
2025-04-21T12:32:37.000Z,4416,372,9731,09a17e2677f5,591,398.58
2025-04-21T12:36:03.000Z,4416,372,9731,6a3ec973e9f9,643,404.3
2025-04-21T12:37:14.000Z,4416,372,9731,1c8e650385ff,540,407.26
2025-04-21T12:45:59.000Z,4416,372,9731,fa3aa18b183f,573,409.04
2025-04-21T13:58:41.000Z,4416,372,9731,5d8f9f100c4a,547,406.02
2025-04-23T13:42:58.000Z,4416,372,9885,3d1b1551a528,127,399
2025-04-23T15:22:25.000Z,4498,384,9749,0243b770a033,751,412.14
2025-04-23T15:25:51.000Z,4498,384,9830,20269eee57f9,91,404.44
2025-04-23T15:51:14.000Z,4530,398,9159,9696d9226e0b,628,415.44
2025-04-23T18:39:33.000Z,4530,398,9215,0f835b725b64,110,408.5
2025-04-23T18:43:11.000Z,4585,400,9357,e19e3869150f,813,410.02
2025-04-23T18:49:40.000Z,4589,400,9452,c15432a80104,540,411.74
2025-04-23T18:53:05.000Z,4581,403,9452,8aa0cd531e8e,383,416.78
2025-04-23T19:50:43.000Z,4581,403,9452,25853cc73fdc,481,416.54
2025-04-23T19:57:19.000Z,4579,403,9452,f194bc00debf,100,410.44
2025-04-23T20:18:54.000Z,4579,403,9452,6278910e8f1c,411,416.78
2025-04-23T20:28:48.000Z,4579,403,9452,f07606841c1f,119,412
2025-04-23T20:31:49.000Z,4580,403,9452,642a429ad955,117,404.12
2025-04-23T20:33:49.000Z,4580,403,9452,01070b24c456,90,403.42
2025-04-23T20:41:20.000Z,4580,403,9452,23a2c4139688,106,395.76
2025-04-24T08:47:48.000Z,4580,405,9452,c97873198376,106,395.44
2025-04-24T08:49:40.000Z,4580,405,9452,ef38e51cb30b,91,382.82
2025-04-25T20:45:04.000Z,4580,408,9500,5a5bc9467f77,620,386.98
2025-04-26T14:58:53.000Z,4580,408,9529,e369c9cd9169,518,384.34
2025-04-26T17:49:23.000Z,4580,408,9558,d740f2438fb0,88,383.82
2025-04-26T20:29:40.000Z,4580,408,9558,234f074e77e4,102,384.44
2025-04-26T20:41:00.000Z,4586,408,9617,27b57b310f84,500,381.58
2025-04-26T20:46:23.000Z,4586,408,9617,e4a55c7ade2a,99,381.16
2025-04-26T20:53:49.000Z,4586,408,9617,7782c050f513,93,372.94
2025-04-26T20:55:47.000Z,4586,409,9642,edacd501f54d,112,366.76
2025-04-26T21:07:28.000Z,4586,409,9642,1c676a0415a7,114,367.2
2025-04-26T21:12:06.000Z,4586,409,9642,e98a3079def2,140,367.62
2025-04-26T21:18:31.000Z,4586,409,9642,7687922f41de,101,358.86
2025-04-26T21:20:17.000Z,4586,409,9642,c232720e5b7c,101,352.14
2025-04-26T21:22:27.000Z,4603,407,9642,bd31845fd89b,116,352.62
2025-04-26T21:28:25.000Z,4603,407,9642,7a6cd1d7271b,104,352.44
2025-04-26T21:30:31.000Z,4603,407,9642,671ea42ab47e,139,344.24
2025-04-27T08:54:28.000Z,4603,407,9642,b3190686deb9,78,333.4
2025-04-27T09:00:21.000Z,4603,407,9642,0f081cf99dcd,134,327.84
2025-04-27T09:09:08.000Z,4603,407,9642,6b65eab7b032,104,318.18
2025-04-27T09:14:04.000Z,4603,407,9642,42d8eab7aaea,105,318.78
2025-04-27T11:17:49.000Z,4603,407,9688,eac90f16a25a,631,329.22
2025-04-28T08:58:36.000Z,4996,412,10330,b380c12a095b,695,326.1
2025-04-28T09:05:57.000Z,4996,412,10498,12c8f14ade49,709,334.12
2025-04-28T09:09:27.000Z,4996,412,10610,f7f924b086cb,437,334.52
2025-04-28T09:11:56.000Z,4996,412,10685,3827a6943606,472,332.54
2025-04-28T09:19:25.000Z,4996,412,10905,bdf415a788b9,528,331.04
2025-04-28T09:23:41.000Z,4996,412,10971,8d649c195dd2,325,326.74
2025-04-28T09:27:49.000Z,4998,412,11088,8bb098f9b781,476,323.4
2025-04-28T09:39:15.000Z,5003,412,11147,b8397ac6f0a2,89,313.76
2025-04-28T09:59:00.000Z,5003,412,11166,946e5db33eed,633,314.6
2025-04-28T10:31:49.000Z,5139,423,11534,c000eedf756a,509,311.92
2025-04-28T10:34:59.000Z,5142,423,11600,6d5cd7f3584d,545,312.02
2025-04-28T10:59:08.000Z,5280,440,11800,ddf9f77570e4,472,310
2025-04-28T12:46:47.000Z,5354,449,12167,74e16a14e9af,533,309.72
2025-04-28T12:51:12.000Z,5381,449,12171,43e9047c2975,401,315.2
2025-04-28T12:57:48.000Z,5102,449,12500,60ef67bce0c7,174,303.66
2025-04-28T13:01:51.000Z,5102,449,12533,8ed0e0035a18,164,305.12
2025-04-28T13:03:43.000Z,5102,449,12222,e266d851e123,73,294.02
2025-04-28T14:28:12.000Z,5692,461,12870,47fef930e0ea,517,302.16
2025-04-28T15:00:33.000Z,5787,461,13005,36783d721441,645,298.8
2025-04-28T15:52:43.000Z,5722,457,13184,6f7483ff5dea,1250,313
2025-04-28T15:56:54.000Z,5725,457,13223,2617084b5a40,550,316.34
2025-04-28T20:52:06.000Z,5725,457,13223,6bf4aa51836d,135,309.42
2025-04-28T21:06:53.000Z,5725,455,13223,c865d2b8d907,510,317.62
2025-04-28T21:08:26.000Z,5725,457,13223,233f9b0932fd,130,312
2025-04-28T21:22:37.000Z,5725,461,13223,9290adbcf2f8,325,316.12
2025-04-28T21:36:10.000Z,5760,461,13310,b864514246ba,661,327
2025-04-28T21:46:53.000Z,5760,461,13310,4512b6e5ff94,89,326.98
2025-04-28T22:05:51.000Z,5823,459,13310,809a4b8c6383,545,335.76
2025-04-28T22:06:41.000Z,5823,459,13310,f0dc74eb47ef,84,335.32
2025-04-28T22:29:02.000Z,5900,462,13350,d312ffed2bc5,640,346.3
2025-04-28T22:44:37.000Z,5984,462,13389,1282f9110b2e,587,345.64
2025-04-28T22:50:47.000Z,5986,462,13417,b2b3828876f2,125,337.78
2025-04-29T08:23:09.000Z,5986,462,13391,2ee877d33576,434,344.7
2025-04-29T08:31:40.000Z,5986,462,13541,92afa875ab71,138,345.42
2025-04-29T15:03:58.000Z,5914,462,13679,bf87852d74a3,572,346.86
2025-04-29T15:22:25.000Z,5841,462,14082,965c110cb147,614,357.16
2025-04-29T16:00:45.000Z,5841,462,14113,af06b15c6671,455,364.4
2025-04-29T19:49:52.000Z,5841,462,14112,95bcfe6836df,89,363.94
2025-04-29T21:37:10.000Z,6253,462,14112,1436b4128692,391,369.48
2025-04-29T21:56:11.000Z,6253,462,14330,091809d9f7a2,636,379.4
2025-04-29T21:58:29.000Z,6253,462,14372,4ad4a91e7f82,109,379.56
2025-05-05T12:08:03.000Z,6253,462,14372,4cd9bf6ca545,571,388.96
2025-05-05T12:11:07.000Z,6253,462,14372,929358c95434,547,397.58
2025-05-05T12:16:13.000Z,6253,462,14372,28cc9a69bd38,573,406.96
2025-05-08T20:22:24.000Z,6253,462,14372,23af46dced1b,591,416
2025-05-12T12:22:16.000Z,6253,462,14372,bac10b78d5de,571,425.86
2025-05-12T12:23:41.000Z,6253,462,14372,aab1a20b495b,643,436.04
2025-05-12T12:24:49.000Z,6253,462,14372,8f0b2902cc2a,540,444.76
2025-05-12T12:26:37.000Z,6253,462,14372,88668fdfb34c,574,454.14
2025-05-15T09:50:38.000Z,6253,462,14427,eee7463c5c9c,617,453.86
2025-05-15T10:09:48.000Z,6253,462,14427,b97644f835f6,292,445.8
2025-05-15T10:34:28.000Z,6253,462,14427,8e1a8b6a2636,573,443.08
2025-05-15T11:05:04.000Z,6253,462,14427,ef286635c58d,543,445.2
2025-05-15T11:06:25.000Z,6253,462,14480,336a612e48d0,379,443.34
2025-05-15T11:49:43.000Z,6253,462,14488,0ae7da2dc9a3,543,443.64
2025-05-15T11:52:58.000Z,6253,462,14488,2d473abf9b10,82,438.78
2025-05-15T11:55:19.000Z,6253,462,14488,855f6d02a6db,114,431.54
2025-05-15T12:05:45.000Z,6253,462,14488,a54fda4daaf0,195,433.66
2025-05-15T12:13:19.000Z,6258,462,14488,011bf183410e,210,425.2
2025-05-15T15:37:54.000Z,6258,462,14488,8d1001d812a9,56,416.14
2025-05-15T15:53:22.000Z,6258,462,14488,652d11324e0e,32387,1052.98
2025-05-16T09:02:43.000Z,6258,462,14757,9ec174f106e4,603,1055.6
2025-05-16T11:41:37.000Z,9323,466,14844,7cd089651955,395,1052.84
2025-05-16T11:48:27.000Z,9323,466,14886,aaa03555e01d,475,1054.32
2025-05-16T11:59:09.000Z,9323,462,14885,caebefc50eb8,140,1053.64
2025-05-16T12:15:24.000Z,9323,462,15004,98b1ec93c227,100,1052.36
2025-05-16T12:56:46.000Z,9326,462,15038,d458db449def,1028,1071.46
2025-05-16T13:26:20.000Z,9487,462,15112,e5aa5f6d0fdc,578,1072.68
2025-05-16T13:28:22.000Z,9487,462,15114,0fbfd6c98c5c,93,1061.64
2025-05-19T08:57:21.000Z,9487,463,15114,9185edcc2b1a,691,1050.46
2025-05-19T09:00:50.000Z,9487,463,15227,30b67091b913,102,1041.5
2025-05-19T09:10:26.000Z,9487,472,15299,89321d50d059,515,1049.1
2025-05-19T09:24:09.000Z,9606,472,15319,052137ab45f8,535,1049.6
2025-05-19T09:28:27.000Z,9606,472,15347,66d777b33abd,102,1049.04
2025-05-19T09:43:37.000Z,9744,472,15346,0dc5c49853bc,181,1046.16
2025-05-19T09:47:30.000Z,9744,472,15355,491deeb065b1,118,1035.3
2025-05-19T11:03:17.000Z,9741,472,15560,54b7c36f4ee8,685,1047.22
2025-05-19T13:01:29.000Z,9738,472,15560,0deea47e1b2e,478,1045.88
2025-05-19T13:11:18.000Z,9738,472,15636,60270d02e919,97,1046.14
2025-05-19T13:15:26.000Z,9738,472,15641,cc4aa7bd3fb4,127,1035.88
2025-05-19T13:24:33.000Z,9738,472,15493,bcc0e8534655,590,1035.94
2025-05-19T13:25:44.000Z,9738,472,15163,5fe94a313f4f,404,1041.52
2025-05-19T14:16:46.000Z,9738,472,15197,f9e42e6d1b93,324,1039.32
2025-05-19T14:46:26.000Z,9738,472,15299,c756659145a5,649,1049.54
2025-05-22T19:57:05.000Z,6258,462,14564,c0d39f10fccb,640,1050.9
2025-05-22T20:02:46.000Z,6258,462,14588,5af1274c567c,354,1045.7
2025-05-22T20:08:14.000Z,6258,462,14619,87b048db0eec,452,1045.64
2025-05-22T21:00:29.000Z,6258,462,14619,dbd90581a873,114,1046.14
2025-05-23T16:19:54.000Z,9738,472,15430,aea228b81005,26,1038.84
2025-05-26T12:32:34.000Z,9738,472,15430,d644d67c3093,6915,1164.42
2025-05-28T11:24:18.000Z,9738,472,15430,1696885161cb,548,1173.2
2025-06-02T10:19:25.000Z,9738,472,15430,b4d6be1cb57b,21,1162.2
2025-06-02T10:21:24.000Z,9738,472,15430,378565b084ab,114,1153.54
2025-06-02T10:34:51.000Z,9738,472,15430,7af76d73581b,101,1144.1
2025-06-02T10:43:23.000Z,9738,472,15462,8f66949bde72,480,1141.88
2025-06-02T10:48:22.000Z,9738,472,15467,1548d1b1d834,434,1139.14
2025-06-02T14:03:10.000Z,9725,472,15495,e62f64ae0f94,369,1133.66
2025-06-02T14:05:41.000Z,9725,472,15501,56e82d588843,91,1124.68
2025-06-02T14:17:45.000Z,9725,472,15538,522f841acc57,115,1115.5
2025-06-02T14:25:46.000Z,9725,472,15504,3e6a6511f303,995,1123.06
2025-06-02T14:32:29.000Z,9725,472,15504,c8010015bb8f,17,1117.56
2025-06-02T14:51:01.000Z,9725,472,15504,260317185c7e,66,1107.42
2025-06-02T15:04:26.000Z,9725,472,15504,5e8517183a4c,237,1101.3
2025-06-02T15:09:56.000Z,9725,472,15504,8fa3dfb37040,19849,1490.7
2025-06-02T15:14:18.000Z,9725,472,15533,fd985552c886,478,1489.4
2025-06-02T15:22:11.000Z,9725,472,15533,6be8278ad404,178,1491.32
2025-06-02T15:22:19.000Z,9725,472,15533,77555c611bf0,178,1492.6
2025-06-02T15:43:13.000Z,9725,472,15533,4681cbca7843,67,1490.04
2025-06-02T15:54:06.000Z,9724,472,15533,37b564478c8c,85,1487.54
2025-06-02T16:00:44.000Z,9724,472,15533,bcad1223efd3,93,1488.28
2025-06-02T16:07:12.000Z,9724,472,15534,b53fd71fe398,91,842.36
2025-06-09T12:06:57.000Z,9724,472,15534,da799e4c6c4c,10505,1040.4
2025-06-09T12:09:55.000Z,9724,472,15534,e9229906d800,671,1045.92
2025-06-09T12:10:57.000Z,9724,472,15534,7f63c406253d,3359,1103.6
2025-06-13T08:58:44.000Z,9724,472,15534,3429675a83f7,1225,1125.3
2025-06-13T08:58:54.000Z,9724,472,15534,954548c03c32,643,1136.16
2025-06-13T09:20:57.000Z,9724,472,15535,93d3bf60e480,16,1115.92
2025-06-16T12:34:39.000Z,9724,472,15535,2cf9765c4bd5,10594,1316.24
2025-06-18T08:43:31.000Z,9724,472,15727,147cf155ce89,862,1331.62
2025-06-18T08:52:33.000Z,10232,472,15169,47a536c253a8,416,1326.12
2025-06-18T09:28:03.000Z,11237,472,15169,bf899c09175a,641,1336.9
2025-06-18T10:55:02.000Z,11393,472,15226,2259395bb19f,734,1341.28
2025-06-18T11:02:48.000Z,10886,472,15291,bd4c022d0aaf,366,1337.9
2025-06-18T11:32:57.000Z,10886,472,15413,a64c8a51d942,538,1346.62
2025-06-18T11:37:12.000Z,10886,472,15468,2d9579922146,385,1350.7
2025-06-18T18:45:21.000Z,10886,472,15468,82d1a550e307,40219,2152.72
2025-06-18T19:20:04.000Z,10886,472,15547,b83f4e084618,549,2150
2025-06-18T19:39:03.000Z,10891,473,15547,290de4d4e4ae,437,2149.18
2025-06-18T19:47:30.000Z,10891,473,15643,9b79e8fdea04,505,2157.34
2025-06-18T20:12:35.000Z,10891,475,15694,20b617dd54c9,525,2165.3
2025-06-18T20:21:11.000Z,10891,475,15810,0f1f07a138ce,488,2163.26
2025-06-19T10:39:39.000Z,10891,475,15836,eb630b153a62,93,2157.04
2025-06-19T19:11:44.000Z,10892,481,15844,8c8242ff1aec,561,2161.78
2025-06-19T19:14:03.000Z,10892,481,15844,e9222f6b1fff,324,2155.28
2025-06-19T19:20:48.000Z,10892,481,16177,5f52486dc670,374,2149.96
2025-06-19T19:42:55.000Z,10861,477,16177,821dcc92a7f4,556,2154
2025-06-19T19:45:11.000Z,10861,477,16276,20e76b4d96f5,376,2152.48
2025-06-20T09:29:06.000Z,10864,497,16248,7301a89711ab,450,2159.2
2025-06-20T09:29:58.000Z,10864,497,16248,c86372907840,71,2160.1
2025-06-20T11:05:39.000Z,10874,514,16421,22ab2bdc8848,621,2034.22
2025-06-23T19:55:03.000Z,10875,518,16531,640ed7f91c6e,97,2025.2
2025-06-28T19:24:50.000Z,10877,552,16460,58b40cace587,1333,2051.44
2025-06-28T19:26:05.000Z,10877,552,16525,0735c597a11b,296,2055.08
2025-06-28T19:27:08.000Z,10877,552,16533,70283e15cc3a,350,2060.06
2025-06-28T19:41:54.000Z,10886,570,16501,7a89b5d3c5bd,631,2063.08
2025-06-28T20:00:58.000Z,10916,596,16501,e6ff64557ace,1157,2077.54
2025-06-28T20:16:00.000Z,10837,613,16501,0d5445325d5c,898,2088.12
2025-06-28T20:23:08.000Z,10680,627,16501,461ba2d88146,806,2102.42
2025-06-28T20:27:04.000Z,10653,627,16501,43cfb6f3be54,551,2111.14
2025-06-29T19:13:01.000Z,10564,654,16590,788aa12271e4,523,2101.7
2025-06-29T19:44:46.000Z,10589,676,16717,c858a10452a6,513,2111.62
2025-06-29T19:54:17.000Z,10601,711,16778,999227fdbc0b,686,2124.02
2025-06-29T20:04:51.000Z,10589,711,16778,52fd2b94aaaa,587,2131.02
2025-06-29T20:34:13.000Z,10656,711,16944,44618365bf7a,715,1748.34
2025-06-30T22:58:51.000Z,10656,711,16992,b441692d4e74,352,1745.82
2025-06-30T23:10:09.000Z,10655,711,17071,4d15ff8c1dfa,446,1751.18
2025-06-30T23:16:10.000Z,10653,716,17145,3d1f3961450a,600,1759.62
2025-06-30T23:24:20.000Z,10653,723,17220,1ffa5000d4d0,534,1768.96
2025-06-30T23:27:06.000Z,10653,723,17220,28a3c00f5841,71,1768.68
2025-06-30T23:37:07.000Z,10627,723,17220,948ef172b1f6,408,1774.98
2025-07-01T17:17:24.000Z,10627,723,17220,4b84f85e34e9,68,1774.52
2025-07-01T17:26:09.000Z,10627,729,17274,5209755ab0c5,150,1567.42
2025-07-02T22:16:06.000Z,10631,729,17408,c0cb1b03f1d7,500,1564
2025-07-02T22:33:29.000Z,10625,729,17409,c790ed891021,661,1510.04
2025-07-02T22:35:54.000Z,10625,729,17412,0ae658106517,240,1490.34
2025-07-02T22:44:40.000Z,10625,729,17412,c1b1992f62dc,498,1487.44
2025-07-02T22:47:38.000Z,10625,729,17413,f0a6fb2bd766,174,1490.6
2025-07-02T22:53:48.000Z,10628,729,17413,38d1e8ca78f9,398,1286.68
2025-07-02T22:55:50.000Z,10628,729,17415,e999a5f601f4,448,1278.4
2025-07-05T11:07:27.000Z,10628,729,17415,a110964cb91c,17224,1614.56
2025-07-06T17:28:14.000Z,10628,749,17415,53090f285338,1220,1626.14
2025-07-14T08:42:12.000Z,10666,749,17415,fd765bbdb6bf,568,1622.82
2025-07-15T10:09:44.000Z,10666,749,17415,ed2225b35b92,225,1620
2025-07-15T10:10:16.000Z,12972,777,17415,7950cca4ec5c,514,1619.52
2025-07-15T10:10:43.000Z,9806,757,17079,b5ad33a9aea8,331,1618.44
2025-07-15T10:11:04.000Z,9816,757,17079,7e4cc78fa4dc,376,821.58
2025-07-15T10:13:46.000Z,9819,757,17079,1c0a58249b6e,373,818.06
2025-07-15T10:24:42.000Z,9819,810,17079,4affffe9ebb9,441,818.14
2025-07-15T10:24:55.000Z,9819,810,17079,bbcb08012262,384,815.72
2025-07-15T10:25:10.000Z,9819,731,17080,7d39bce65a1e,323,811.68
2025-07-15T10:26:50.000Z,9819,731,17087,b653d08faf8b,380,809.52
2025-07-15T10:30:13.000Z,9819,731,17087,281edb4c3267,216,811.98
2025-07-15T10:46:43.000Z,9825,731,17087,c016e191971b,297,806.7
2025-07-15T10:55:23.000Z,9825,731,17087,306b9858f11a,282,805.86
2025-07-15T11:02:27.000Z,9825,731,17092,3faa8684a8e9,263,803.64
2025-07-15T11:21:00.000Z,9825,731,17092,b7d54623ba89,625,805.02
2025-07-15T11:26:17.000Z,9699,731,17092,d8cb996fabea,298,803.46
2025-07-15T11:32:32.000Z,9699,731,17116,d7fdcf3cc4ff,334,801.14
2025-07-15T12:36:20.000Z,9706,753,17116,537ac1ec75b5,796,815.64
2025-07-15T12:44:22.000Z,9721,753,17170,17a8c3721e95,306,809.34
2025-07-15T12:49:54.000Z,9721,753,17170,0bd6a3821f18,165,810.7
2025-07-15T13:06:36.000Z,9721,753,17382,995287c0ba08,735,798.74
2025-07-15T13:17:49.000Z,9719,753,17382,18c41b15402a,344,799.7
2025-07-15T13:20:05.000Z,9719,752,17382,e46f14e3f005,320,799.1
2025-07-15T13:22:18.000Z,9621,748,17324,55636f86a331,454,795.56
2025-07-15T13:24:39.000Z,9621,748,17451,d833dc6d334f,229,777
2025-07-15T13:42:02.000Z,9625,748,17451,7b87bb649a55,301,765.06
2025-07-15T13:51:23.000Z,9619,748,17453,1f9d2cbbeeb4,43,749.8
2025-07-15T14:03:29.000Z,9619,748,17453,498fe4b6f67a,322,745.22
2025-07-15T14:10:18.000Z,9619,748,17377,cb641c52d65f,402,742.8
2025-07-15T14:28:34.000Z,9619,748,17377,99e3418f0021,11002,952.58
2025-07-15T15:34:38.000Z,9619,748,17652,ab69107b6cc4,540,949.66
2025-07-15T16:22:12.000Z,9619,748,17694,658495a34430,564,949.2
2025-07-15T20:37:08.000Z,9619,748,17690,de0e71690bd5,608,947.06
2025-07-16T07:41:08.000Z,9754,757,17747,77d6f50cbe5c,134,942.7
2025-07-16T07:43:10.000Z,9754,757,17747,c2dde0e43672,95,935.68
2025-07-16T07:45:00.000Z,9807,760,17747,ff57109a6929,151,926.7
2025-07-16T09:29:04.000Z,9964,769,17756,5d56bd0b069f,174,919.5
2025-07-16T09:32:17.000Z,9964,769,17757,87ec6d0355e2,79,919.66
2025-07-16T09:35:02.000Z,9964,769,17757,3d56b680ea8b,117,913.84
2025-07-16T09:37:14.000Z,10002,774,17757,44f7e5925965,121,914.9
2025-07-16T09:55:59.000Z,10096,774,17985,bbfc6a20f947,107,914.04
2025-07-16T09:59:21.000Z,10096,774,18284,efa382f0e699,298,910
2025-07-16T10:18:27.000Z,10096,774,18064,e708f21fea1f,248,901.74
2025-07-16T10:19:18.000Z,10079,774,18064,3839c103c82e,178,900.5
2025-07-16T10:38:50.000Z,10086,774,18051,ad36c0a02ab7,245,895.44
2025-07-16T10:42:24.000Z,10086,774,18052,86f69cbe4de2,159,895.14
2025-07-16T11:19:45.000Z,10086,774,18268,1271c32ff4f0,457,896.32
2025-07-16T11:20:08.000Z,10086,774,18268,e8ea67e75812,294,893.24
2025-07-16T11:20:24.000Z,10279,774,18268,34fceeaacc4c,707,562.9
2025-07-16T11:21:01.000Z,10328,774,18268,9f4c690c9c75,483,548.16
2025-07-16T11:21:29.000Z,10328,774,18268,65055c5b46c5,432,545.44
2025-07-16T11:34:01.000Z,10453,774,18268,b4454eac0e5f,663,554.2
2025-07-16T11:35:12.000Z,10453,774,18253,1b812233c197,411,552.14
2025-07-16T11:36:48.000Z,10453,774,18390,b5435646bb0b,407,553.66
2025-07-16T12:39:20.000Z,10478,774,18390,c7c8ae4a9798,834,562.82
2025-07-16T12:52:11.000Z,10490,779,18563,fa6781b6a283,1635,588.06
2025-07-16T13:13:04.000Z,10513,782,18771,be642247102b,1331,605.86
2025-07-16T13:36:10.000Z,10535,782,18771,666a11523e34,409,606.36
2025-07-16T13:36:30.000Z,10548,782,18771,0b0a98287b7c,425,608.4
2025-07-16T13:38:13.000Z,10548,782,18926,0d900fe2884c,282,606.44
2025-07-16T13:48:07.000Z,10554,782,18926,819a63b8a465,452,611.16
2025-07-16T13:55:13.000Z,10561,782,18926,0f5761a0da47,465,614.52
2025-07-16T14:31:08.000Z,10676,797,19085,2d12d3271535,285,614.58
2025-07-16T14:34:24.000Z,10676,797,19085,baa6a2352736,365,616.62
2025-07-16T14:49:02.000Z,10675,797,19085,5260527db442,89,605.9
2025-07-16T15:09:02.000Z,10675,797,17992,82c26719a6a6,489,609.72
2025-07-16T15:36:00.000Z,10678,797,17992,e44c1cdf42f5,431,611.66
2025-07-16T15:46:30.000Z,10547,804,17992,559a38472612,752,610.78
2025-07-16T16:04:42.000Z,10547,804,18059,58561ba40eb1,466,613.98
2025-07-16T16:06:51.000Z,10547,804,18070,6d889e9428e0,374,618.16
2025-07-16T16:26:00.000Z,10892,804,18123,f920e488dec7,514,613.74
2025-07-16T16:27:44.000Z,10892,804,18281,3f867721995a,547,617.8
2025-07-16T16:35:51.000Z,10892,804,18263,eced0908fc34,952,630.44
2025-07-16T16:40:11.000Z,10892,804,18661,b7a6947f76e8,1474,650.84
2025-07-16T16:44:56.000Z,10892,804,18677,b67cd47359b0,1062,667.5
2025-07-16T16:51:24.000Z,10925,804,18690,18dd0412c8fb,420,669.88
2025-07-17T07:52:03.000Z,10933,804,18690,58400a024fc8,262,674.26
2025-07-17T07:52:27.000Z,10933,804,18690,0035328bc10c,296,673.74
2025-07-17T07:53:26.000Z,10951,804,18690,53c85eefc0c6,306,671.82
2025-07-17T07:53:45.000Z,10951,843,18690,574f9f3834b0,947,470.72
2025-07-17T07:54:01.000Z,10951,843,18779,ac3d63356116,476,469.44
2025-07-17T08:13:29.000Z,10951,843,18857,c8bea47e2e34,605,470.26
2025-07-17T08:31:22.000Z,10951,843,18861,83a1b11cdbea,621,470.52
2025-07-17T08:53:35.000Z,10951,840,18938,f80a3840de5e,410,476.04
2025-07-17T08:58:35.000Z,10951,837,18938,08c23ab94583,415,482.44
2025-07-17T09:00:58.000Z,10951,837,18953,fbf2a3c941c5,290,485.22
2025-07-17T09:37:08.000Z,10951,841,19088,026b83a61a75,1092,503.58
2025-07-17T09:44:33.000Z,10951,841,19568,9ec732cdc995,568,513.36
2025-07-17T09:47:37.000Z,10951,806,19568,50a42e9af8a8,302,517.06
2025-07-17T10:31:34.000Z,11039,807,19568,c6dec8711c51,1110,536.84
2025-07-17T10:46:17.000Z,11019,807,19568,1f8ca3e91f84,834,551.38
2025-07-17T11:00:11.000Z,11046,807,19568,5abd72811f2c,1184,569.1
2025-07-17T11:09:24.000Z,11096,807,19568,506fb742e61b,504,574.22
2025-07-17T12:18:04.000Z,11100,827,19568,842f448fc83f,1078,592.22
2025-07-17T12:57:47.000Z,11109,827,19568,d1970ff626c2,815,603.62
2025-07-17T13:08:58.000Z,11123,827,19568,5dea3f5eb1f2,314,606.72
2025-07-17T13:35:03.000Z,11123,827,19568,b44e20983993,286,603.3
2025-07-17T13:36:14.000Z,11123,827,19596,49a9af1bf853,393,605.28
2025-07-17T13:43:34.000Z,11119,827,19596,a918c11c89c7,532,601.78
2025-07-17T13:50:51.000Z,11126,827,19596,28f26cd2727c,374,599.6
2025-07-17T13:52:11.000Z,11126,827,19603,3a4e7edd7876,126,593.48
2025-07-17T14:05:35.000Z,11126,834,19657,b3a77aa69ad5,447,589.16
2025-07-21T08:24:31.000Z,11119,840,19754,53d4bc3bdb6f,378,588.5
2025-07-21T08:34:15.000Z,11125,848,19754,3486b82def5e,446,589.28
2025-07-21T08:49:52.000Z,11140,860,19826,54f046280140,1083,594.26
2025-07-21T09:01:39.000Z,11199,860,19931,a259f26eb18c,1202,585.6
2025-07-21T09:51:02.000Z,11204,860,20073,5243dc38537d,109,561.16
2025-07-21T11:47:42.000Z,11394,878,20160,c70101b6a9a8,565,564.28
2025-07-21T11:55:56.000Z,11394,878,20104,068290111711,82,557.42
2025-07-21T12:03:36.000Z,11400,879,20104,e07c0a349ca2,495,561.68
2025-07-21T12:13:16.000Z,11400,879,20104,50a199159082,218,557
2025-07-21T12:22:39.000Z,11400,879,20104,b996f5b3a3e5,48,548.66
2025-07-21T12:51:56.000Z,11400,879,20115,e9ccc7744521,96,544.88
2025-07-21T13:13:19.000Z,11575,879,20242,76cd3cec4815,515,547.88
2025-07-21T13:17:03.000Z,11640,879,20242,a03956d370aa,626,558.62
2025-07-21T13:30:41.000Z,11646,879,20242,671e1795343c,305,554.94
2025-07-21T13:46:41.000Z,11651,879,20244,c8ef0786a911,632,558.96
2025-07-21T13:51:34.000Z,11652,879,20244,a3e5629d57f7,437,552.66
2025-07-21T13:55:11.000Z,11652,879,20244,d2d5cf961a86,403,551.4
2025-07-21T14:14:50.000Z,11652,882,20244,041054dac03e,640,556.72
2025-07-21T14:17:41.000Z,11651,882,20244,dee699493094,312,552.68
2025-07-21T14:23:19.000Z,11651,882,20321,22038550453d,318,548.1
2025-07-21T14:55:48.000Z,11683,885,20321,c23ebc4fa077,687,542.8
2025-07-21T15:07:22.000Z,11683,893,20321,4a6761227dc7,347,520.26
2025-07-22T08:18:18.000Z,11691,902,20449,c1c72aad4a2a,529,509.6
2025-07-22T08:30:25.000Z,11702,902,20559,2a60ec6a1431,596,513.12
2025-07-22T08:31:23.000Z,11702,902,20569,70f0c484788c,427,516.42
2025-07-22T08:52:29.000Z,11702,909,20569,4270ba980190,366,517.82
2025-07-22T09:15:37.000Z,11711,909,20569,60ca8bdc7807,319,518.08
2025-07-22T09:45:32.000Z,11729,909,20569,b0fc9df3925a,638,511.9
2025-07-22T09:50:08.000Z,11729,909,20622,54b3f4767851,689,516.16
2025-07-22T10:04:45.000Z,11729,909,20622,71b6f892cd13,661,517.28
2025-07-22T10:11:46.000Z,11728,909,20622,11b1fef1301f,673,518.32
2025-07-22T10:36:04.000Z,11728,909,20622,18c8ed1e4937,196,514.04
2025-07-22T10:53:09.000Z,11734,909,20622,83c986d3b6a8,624,518.22
2025-07-22T11:03:41.000Z,11734,909,20622,f23e3ddc00a4,62,513.66
2025-07-22T11:20:37.000Z,11734,931,20622,191b96a1ffe2,844,508.7
2025-07-22T11:51:11.000Z,11734,931,20741,b2255008931e,414,505.62
2025-07-22T11:59:59.000Z,11734,927,20741,7322def8bc55,469,508.96
2025-07-22T12:36:50.000Z,11734,927,20805,6be153d656bd,165,490.06
2025-07-22T12:39:06.000Z,11734,927,20805,7c4f5e32f4c8,67,474.72
2025-07-22T14:37:36.000Z,11734,927,20805,e1b24466c6ff,614,463.32
2025-07-23T10:23:01.000Z,11945,950,20805,87aad841a9d8,1450,482.24
2025-07-23T10:24:12.000Z,11925,950,20805,be966f779a17,61,461.9
2025-07-23T10:50:09.000Z,11926,950,20805,77dfff0233da,517,455.94
2025-07-23T10:53:59.000Z,11926,950,20805,df1d2fca12e5,336,456.38
2025-07-23T11:53:14.000Z,11926,949,20809,3cbe8764c5cd,623,463.12
2025-07-23T11:56:27.000Z,11926,949,20810,5802e8582dc9,94,457.14
2025-07-23T12:09:28.000Z,11934,950,20810,984a9a26f39d,962,465.74
2025-07-23T12:21:26.000Z,11782,927,20893,2fc5091b181b,1191,482.08
2025-07-23T12:29:37.000Z,11827,927,20972,c73f22fe47f4,1281,505.18
2025-07-23T12:33:13.000Z,11827,927,21108,3559eff6817e,380,503.84
2025-07-23T13:28:35.000Z,12025,951,21157,6d5abe99ea87,534,506.96
2025-07-23T13:53:10.000Z,12030,951,21173,ea73d028a9db,840,514.84
2025-07-23T14:20:03.000Z,12071,951,21173,4e58c0f74c06,1248,518.14
2025-07-23T14:33:15.000Z,12067,951,21173,e556572bb8bb,1437,522.84
2025-07-23T14:43:09.000Z,12082,951,21173,d3b5d87660ea,1095,542.56
2025-07-23T14:57:12.000Z,12084,951,21173,cb5caf6864ab,1153,554.32
2025-07-23T15:08:49.000Z,12083,951,21094,81b3c65e616a,531,563.3
2025-07-23T15:15:30.000Z,12083,951,21094,0408e87e5e98,463,562.66
2025-07-24T08:31:04.000Z,12083,954,21094,a3ddc8278e0a,460,567.5
2025-07-24T08:31:47.000Z,12083,954,21115,fdb778021818,396,574.46
2025-07-24T08:35:23.000Z,12092,954,21115,21a062550d66,408,580.7
2025-07-24T08:38:05.000Z,12092,954,21115,c5e4caaff022,73,571.86
2025-07-24T08:38:11.000Z,12092,954,21115,dc56b2e8d2e5,84,561.02
2025-07-24T09:24:44.000Z,12092,954,21510,11620e004aa5,1072,576.36
2025-07-24T09:27:09.000Z,12092,954,21646,c6f29ab3608d,245,568.62
2025-07-24T09:35:44.000Z,12092,954,21651,d7f006288b2b,441,568.7
2025-07-24T09:38:03.000Z,12092,954,21651,903965dabebe,382,568.28
2025-07-24T09:58:55.000Z,12134,967,21651,31729140f170,694,569.36
2025-07-24T10:36:22.000Z,12134,968,21651,d5d44e98072d,585,574.82
2025-07-24T10:53:29.000Z,12142,969,21651,6617f145c7e8,739,583.24
2025-08-04T09:39:23.000Z,12153,976,21651,48c8fdc29ac5,621,581.92
2025-08-04T09:56:01.000Z,12194,985,21659,b56cc6ba3fb0,749,589.96
2025-08-04T10:07:56.000Z,12194,985,21659,4aee8ea66d32,408,587.54
2025-08-04T10:14:01.000Z,12184,985,21659,ecbef7566331,463,584.88
2025-08-04T10:21:11.000Z,12184,985,21659,dbd4796e6478,381,583.96
2025-08-04T10:27:01.000Z,12184,985,21774,d8153f24aadd,480,586.24
2025-08-04T10:48:12.000Z,12218,1004,21774,127684d85306,1669,613.24
2025-08-04T11:01:19.000Z,12209,1004,21774,f57f4c4fd8b1,1423,628.94
2025-08-04T11:30:38.000Z,12199,1003,21774,dcb37be9ace7,565,626.46
2025-08-04T11:45:38.000Z,12199,1003,21774,4b8d86370e99,617,625.58
2025-08-04T11:51:11.000Z,12199,1003,21774,6423503af517,346,619.04
2025-08-04T12:13:51.000Z,12210,1003,21774,da043b483456,806,631.24
2025-08-04T12:16:56.000Z,12210,1003,21874,dcb2f2711162,301,624.78
2025-08-04T12:19:32.000Z,12210,1003,21874,29b9f4691807,247,628.48
2025-08-04T12:36:03.000Z,12212,1003,21874,001830ccc42e,825,628.1
2025-08-04T12:50:21.000Z,12230,1003,21874,46db90e510db,416,628.14
2025-08-04T12:59:45.000Z,12241,1003,21874,aaa50181566a,927,637.3
2025-08-04T13:02:58.000Z,12241,1003,21874,16640c3d65be,683,647.66
2025-08-04T13:22:19.000Z,12281,1003,21874,58960a452632,779,661.9
2025-08-04T14:01:25.000Z,12281,1003,21876,1b40c20248c1,722,664.06
2025-08-04T14:03:30.000Z,12370,1003,21876,c013e9bb0442,479,644.64
2025-08-04T14:29:06.000Z,12362,1004,21876,76760738ad2c,380,651.02
2025-08-04T17:05:35.000Z,12142,969,21651,9120e7eff012,5836,757.4
2025-08-04T17:44:12.000Z,12142,969,21651,19a4ad3fee16,34540,1441.48
2025-08-05T08:24:38.000Z,12362,1004,21876,3ea6ef969608,2982,1488.66
2025-08-05T08:24:44.000Z,12362,1004,21876,1ddd25eb028a,645,1499.68
2025-08-05T14:47:22.000Z,12362,1004,21876,fd981dc59501,4837,1577.18
2025-08-06T20:06:04.000Z,12362,1004,21876,026611bd6b4a,536,1564.08
2025-08-08T10:01:01.000Z,12362,1004,21876,d182394d0e9d,663,1551.72
2025-08-08T10:23:51.000Z,12362,1004,21876,004fa1028b14,6352,1671.16
2025-08-08T10:56:11.000Z,12368,1004,21876,ae87063ec628,156,1663.6
2025-08-08T11:13:01.000Z,12390,1004,21876,f29bdb586ba2,142,1649.64
2025-08-08T11:31:10.000Z,12390,1004,21876,08144cf82a70,110,1626.88
2025-08-08T12:32:33.000Z,12336,1004,21876,369d5ae94034,302,1604.18
2025-08-08T13:52:06.000Z,12462,1009,21876,8d6f47a02eec,420,1590.68
2025-08-08T14:04:11.000Z,12462,1009,21876,5506f7c8a33e,371,1575.04
2025-08-08T14:16:00.000Z,12464,1009,21876,17f6c28378a7,288,1570.18
2025-08-08T14:39:25.000Z,12471,1009,21876,0052f2a2c2e9,440,1569.72
2025-08-08T16:04:34.000Z,12876,1013,21876,a6cb836c72b4,597,1572.46
2025-08-11T14:21:20.000Z,12902,1013,21876,520b173388d4,386,1572.26
2025-08-11T14:34:41.000Z,12935,1013,21876,dbd760b35f5e,429,1572.68
2025-08-11T14:35:55.000Z,12979,1013,21876,55dcb93754d8,256,1576.34
2025-08-11T14:39:00.000Z,12979,1013,21891,3a8099eb7dfd,80,1576.26
2025-08-11T14:42:02.000Z,12994,1013,21891,73e1d1795340,85,1556.52
2025-08-11T15:36:40.000Z,12996,1013,21891,483aef524d5f,98,1553.58
2025-08-11T15:43:16.000Z,13002,1013,21892,a7f9f1872f44,94,1546.64
2025-08-12T14:23:34.000Z,13261,1017,21903,649447a0c64c,491,1548.82
2025-08-12T14:45:11.000Z,13261,1017,21903,29f92d1059a7,112,1537.18
2025-08-12T14:53:00.000Z,13261,1017,21904,e5b9be5c91cd,89,1527.26
2025-08-12T14:58:28.000Z,13276,1017,21904,c54368b1487e,123,1514.94
2025-08-12T15:04:19.000Z,13277,1017,21904,cff7de77d4e2,105,1504.62
2025-08-12T15:43:06.000Z,13167,1017,21902,45da7374a470,278,1495.2
2025-08-12T16:01:08.000Z,13128,1017,21902,315f8729cd6f,341,1493.86
2025-08-12T16:26:09.000Z,13138,1017,21902,e5a1eabd6ad2,70,1486
2025-08-12T16:45:23.000Z,13138,1017,21902,b588ce5e6450,287,1484.12
2025-08-12T17:25:01.000Z,13172,1017,21902,83b1adf412f5,536,1485.24
2025-08-12T18:51:51.000Z,13173,1017,21902,ee02ea28dda6,255,1456.96
2025-08-13T08:16:29.000Z,13172,1017,21902,b3601975c50e,421,1436.92
2025-08-13T09:18:38.000Z,13223,1017,21902,36449d579325,564,1436.9
2025-08-13T09:21:36.000Z,13232,1017,21902,cd9649ec2492,134,1427.24
2025-08-13T09:43:09.000Z,13247,1019,21902,c616e34bd29e,113,1422.58
2025-08-13T10:17:31.000Z,13266,1019,21902,5334a8d4fde4,1394,1434.34
2025-08-13T11:10:01.000Z,13275,1019,21902,6d25abd9bb7c,282,1433.96
2025-08-13T11:48:48.000Z,13289,1019,21902,a0cd46900c0a,507,1439.16
2025-08-13T11:55:27.000Z,13289,1019,21902,c9b7302a9589,420,1431.06
2025-08-13T11:56:26.000Z,13289,1019,21902,b9a8710c698b,286,1428.46
2025-08-13T12:05:03.000Z,13335,1019,21902,915f7f30d917,395,1417.82
2025-08-13T12:06:42.000Z,13348,1019,21902,b72d24583330,402,1412.2
2025-08-13T12:11:57.000Z,13348,1019,21902,9d3f9f2b3100,307,1402.76
2025-08-13T12:17:35.000Z,13348,1019,21902,477266d71a4f,233,1392.98
2025-08-13T12:20:11.000Z,13347,1019,21902,48ef33f969d3,263,1388.66
2025-08-13T12:28:44.000Z,13310,1019,21902,4426f6a4e4e0,593,1392.92
2025-08-13T12:52:47.000Z,13310,1019,21903,e5e8c20251c4,103,1278.26
2025-08-13T13:20:39.000Z,13310,1019,21903,0fd9a4d50818,548,598.42
2025-08-13T13:30:39.000Z,13310,1019,21903,c8dd9b084a08,4837,635.52
2025-08-13T13:31:15.000Z,13310,1019,21903,acc6ba215aa2,644,635.5
2025-08-13T13:43:36.000Z,13310,1019,21903,5bf4ccd853c8,19851,935.78
2025-08-13T15:11:35.000Z,13327,1020,21903,6f257bc171f1,343,931.92
2025-08-13T15:13:24.000Z,13327,1020,21918,9eb79661bc31,72,920.1
2025-08-13T15:18:46.000Z,13327,1020,21918,bef48c6f4c1b,99,795.04
2025-08-13T15:23:42.000Z,13327,1020,21918,eba40f4b06c2,85,793.62
2025-08-14T12:15:33.000Z,13327,1020,21918,94965d731518,67,792.12
2025-08-14T12:23:03.000Z,13327,1020,21934,a18c876ad95d,364,797.2
2025-08-18T16:38:22.000Z,13327,1020,21934,ec53a1b20716,4680,884.76
2025-08-18T16:38:41.000Z,13327,1020,21934,2334ef5cf3cc,1806,912.48
2025-08-19T12:00:57.000Z,13327,1020,21934,5d251075328f,644,917.94
2025-08-19T13:43:27.000Z,13327,1020,22186,38b6b78034a2,67,913.52
2025-08-19T13:45:58.000Z,13440,1024,22186,478197f5f24d,60,905.92
2025-08-19T14:59:21.000Z,13541,1025,22186,0010f50fdfd0,61,895.2
2025-08-19T15:17:31.000Z,13565,1028,22186,b09a237d271a,80,889.08
2025-08-19T15:20:52.000Z,13620,1028,22186,27ff86f17b43,96,882.42
2025-08-19T15:26:51.000Z,13620,1028,22186,3ab85aaa2093,62,878.54
2025-08-19T15:28:26.000Z,13617,1028,22186,a887e994b101,51,877.96
2025-08-19T15:29:20.000Z,13618,1028,22186,ca520a9ae63a,72,877.7
2025-08-19T15:29:25.000Z,13618,1028,22186,c2e2853c93dd,72,877.18
2025-08-19T15:31:50.000Z,13618,1028,22186,4636aad3add2,68,876.66
2025-08-19T15:46:12.000Z,13649,1030,22186,b77474451cd3,78,868.4
2025-08-19T15:48:55.000Z,13649,1030,22186,58790821de1a,70,867.56
2025-08-19T17:23:27.000Z,13714,1030,22186,505fa7897766,167,869.12
2025-08-19T20:00:23.000Z,13714,1030,22198,6bd2c137bbef,109,868.84
2025-08-19T20:07:48.000Z,13749,1031,22198,48f07d4acd3f,76,868.26
2025-08-19T20:26:44.000Z,13834,1031,22198,661ca21f3dd1,106,864.82
2025-08-19T20:29:29.000Z,13839,1031,22198,7d1df531cae4,59,859.18
2025-08-19T20:34:39.000Z,13851,1031,22198,928910d4002e,82,859.42
2025-08-19T20:38:36.000Z,13879,1031,22198,72636291599c,122,856.12
2025-08-19T20:41:06.000Z,13935,1031,22198,7ee91622adef,112,847.64
2025-08-20T08:12:30.000Z,14019,1031,22198,63e4c850d891,77,844.08
2025-08-20T08:13:43.000Z,14033,1031,22198,17da5b8ebbcf,72,837.1
2025-08-20T08:52:19.000Z,14069,1035,22198,540712dfd05a,148,828.78
2025-08-20T08:56:07.000Z,14118,1035,22198,019b145551bf,93,827.96
2025-08-20T09:07:38.000Z,14119,1036,22198,6e3a80187403,90,827.5
2025-08-20T09:20:36.000Z,14147,1036,22198,690c7abe76c4,76,801.14
2025-08-20T09:27:28.000Z,14147,1036,22198,5528efbe8eea,52,796.54
2025-08-20T09:35:50.000Z,14161,1036,22198,9189f2cac707,86,788.12
2025-08-20T09:38:34.000Z,14166,1036,22198,27157962c079,109,781.9
2025-08-20T09:43:32.000Z,14159,1036,22198,acf8966bbc6b,94,778.06
2025-08-20T09:46:46.000Z,14160,1036,22198,802ee5cd11fb,66,771.48
2025-08-20T11:15:30.000Z,14232,1036,22198,1a3a1a7fb061,83,765.1
2025-08-20T12:05:18.000Z,14308,1036,22198,667903cbbd95,123,761.42
2025-08-20T12:08:43.000Z,14308,1036,22230,0d50a0d1cca7,64,758.04
2025-08-20T12:09:08.000Z,14311,1036,22230,f36dd3a480b9,54,753.86
2025-08-20T12:22:08.000Z,14311,1036,22230,8e01ab638917,58,743.16
2025-08-20T12:22:34.000Z,14348,1036,22230,2ba12db99845,105,743.2
2025-08-20T12:28:51.000Z,14353,1036,22230,694e4351acd9,67,733.58
2025-08-20T12:38:12.000Z,14357,1038,22230,b13aca0d1e46,107,638.98
2025-08-20T12:41:56.000Z,14371,1039,22230,96c285909224,105,628.2
2025-08-20T12:59:18.000Z,14396,1039,22230,b35d170f0c0e,122,233.62
2025-08-20T13:04:58.000Z,14414,1039,22230,88288071315d,99,228.74
2025-08-20T13:08:21.000Z,14426,1039,22230,a8054ccbe448,78,228.86
2025-08-20T13:15:32.000Z,14454,1039,22230,d0ecaef02e6b,100,228.88
2025-08-20T13:24:04.000Z,14501,1039,22230,56a587436c62,95,229.08
2025-08-20T13:29:49.000Z,14502,1039,22230,124317b00542,105,229.84
2025-08-20T13:32:51.000Z,14502,1039,22230,f53504bd7fa9,94,224.44
2025-08-20T13:41:57.000Z,14521,1039,22230,d340c8212cb3,449,139.82
2025-08-20T13:47:39.000Z,14509,1039,22230,219b0045e6f5,298,109.66
2025-08-20T13:52:06.000Z,14502,1039,22230,9e0229902781,197,100.72
2025-08-20T14:05:24.000Z,14518,1039,22230,163ca6fd159c,99,101.36
2025-08-20T14:12:57.000Z,14518,1039,22230,471de1ef5e36,118,102.52
2025-08-20T14:32:52.000Z,14546,1043,22230,6fa3974618a0,440,110.1
2025-08-20T14:49:18.000Z,14635,1047,22230,f752b8c7a44a,381,116.12
2025-08-20T15:01:19.000Z,14639,1047,22230,c43496dbe7e7,377,121.74
2025-08-20T15:16:05.000Z,14695,1047,22230,389fd5567665,114,122.78
2025-08-20T15:26:07.000Z,14696,1047,22230,a35466c70b1f,138,124.52
2025-08-20T15:46:14.000Z,14669,1047,22235,268448bbf572,416,131.4
2025-08-20T16:02:01.000Z,14686,1047,22235,8b6eeba111ca,160,133.16
2025-08-20T16:12:46.000Z,14702,1047,22235,30db57579dfc,448,140.76
2025-08-20T16:30:42.000Z,14673,1047,22230,c7e8f8bab277,130,141.8
2025-08-20T20:23:50.000Z,14765,1048,22230,29cb3d477e81,384,148.08
2025-08-21T08:27:53.000Z,14765,1048,22230,fec7553f000a,88,146.5
2025-08-21T09:09:30.000Z,14808,1048,22230,54318d410301,456,153.44
2025-08-21T09:27:14.000Z,14820,1048,22230,77df28b6f564,288,157.68
2025-08-21T09:51:39.000Z,14828,1048,22230,cb7d5efaf49e,176,159.08
2025-08-21T10:01:18.000Z,14840,1048,22230,9f9dad33b0c7,346,164.82
2025-08-21T10:47:01.000Z,14840,1048,22232,27837f1f90f8,161,166.4
2025-08-21T10:54:26.000Z,14857,1048,22232,e9c5ea87b59e,425,172.46
2025-08-21T11:10:44.000Z,14864,1048,22232,ecbcf72424b2,415,178.52
2025-08-21T11:52:24.000Z,14883,1048,22232,8b713c5c5e56,232,181.62
2025-08-21T12:21:15.000Z,14910,1048,22232,cbf793339269,619,192.56
2025-08-21T12:46:15.000Z,14924,1048,22232,3c8d14211632,573,201.06
2025-08-21T12:55:53.000Z,14950,1048,22232,044d9ea5fabf,314,205.48
2025-08-21T13:18:33.000Z,15005,1050,22232,4643407ae8e5,559,214.86
2025-08-21T13:31:44.000Z,15020,1050,22232,b79d0f1e5031,231,217.96
2025-08-21T13:52:57.000Z,15030,1050,22232,634bd253fb0c,210,221.12
2025-08-21T14:18:04.000Z,14988,1050,22232,584f165a6116,503,229.46
2025-08-21T14:28:15.000Z,15043,1050,22232,b138d4e49de3,155,230.38
2025-08-21T14:44:22.000Z,15047,1051,22232,b7ef5cb741e4,395,236.4
2025-08-21T15:00:02.000Z,15059,1051,22232,b55364fb8cca,719,249.46
2025-08-21T15:30:44.000Z,15077,1051,22430,93cc02eaa3ea,389,255.58
2025-08-25T10:28:52.000Z,15077,1051,22430,a4ad68cfcd21,518,263.48
2025-08-25T10:44:31.000Z,15088,1051,22455,d2c0a6c4d9c8,357,269.34
2025-08-25T10:56:07.000Z,15069,1051,22455,26b64d9ef21a,463,277.52
2025-08-25T11:08:32.000Z,15075,1051,22461,c3f1651068b3,182,280
2025-08-25T11:20:28.000Z,15079,1052,22466,25c27e1c0c28,460,287.1
2025-08-25T11:28:48.000Z,15079,1052,22466,abeb444312e2,268,291.12
2025-08-25T11:41:00.000Z,15073,1052,22466,b5ae75fe58d5,432,297.62
2025-08-25T12:31:21.000Z,15000,1052,22458,85735a63d37b,532,306.16
2025-08-25T12:37:58.000Z,15000,1052,22458,1ce3965799cd,307,309.86
2025-08-25T12:41:16.000Z,14913,1052,22458,c0be00273c8a,270,313.28
2025-08-25T12:44:02.000Z,14913,1052,22458,45e3e4eeda92,285,317.42
2025-08-25T12:49:34.000Z,14863,1052,22458,36d320b3cf9f,124,317.9
2025-08-25T14:30:16.000Z,14924,1052,22458,96479d67af11,98,317.96
2025-08-25T14:47:02.000Z,14924,1054,22458,a08969ee5fb1,111,318.08
2025-08-25T14:52:56.000Z,14925,1054,22458,193b42138cbf,216,320.52
2025-08-25T14:55:58.000Z,14925,1054,22458,dcd7027cae67,92,313.38
2025-08-25T15:14:31.000Z,14948,1054,22458,38c152db8c5a,481,317.04
